sample_id,post_text,post_title,winner_text,loser_text,winner_policy,loser_policy,preference
0,"My boyfriend and I are long distance. We have a trip planned this summer which involves me going over to him in the USA. This will be the second time I have actually been with him in person. I am flying from the UK with my mum to the east coast. The original plan was for me to fly over to my boyfriend in the west coast (my parents are holidaying on the east coast) but because my mum was freaking out so much about me going to meet my boyfriend i said we can all road trip there together. I even invited her on the trip with us. I have given her all of our dates so that she can travel around with us.

The plan was for me to stay on the 4th July and fly back on the 5th. Mum knew this. I told her I had booked a flight back already from the west coast to east coast (where she would pick me up and we would fly back to the UK together). She has gone mad at me because she can't believe I would book a flight when she told me she didn't want me flying on my own. At the time I had booked it she told me she wasn't gonna road trip with us. She knew the trip was happening.......how else was I to get home if I don't fly? 

I am fine flying on my own it doesn't bother me at all. I feel like I have done everything I can to make her feel comfortable with this trip and she is just trying to sabotage it. Thoughts??",Mother [51] not speaking to me [21] because of a trip I am planning, I have made sure my mother is comfortable with my boyfriend travelling on a trip and now my mother is mad because I booked it., Mum is mad at me for not flying on my own trip to meet my boyfriend.,sup1,sup1,winner
1,"My boyfriend and I are long distance. We have a trip planned this summer which involves me going over to him in the USA. This will be the second time I have actually been with him in person. I am flying from the UK with my mum to the east coast. The original plan was for me to fly over to my boyfriend in the west coast (my parents are holidaying on the east coast) but because my mum was freaking out so much about me going to meet my boyfriend i said we can all road trip there together. I even invited her on the trip with us. I have given her all of our dates so that she can travel around with us.

The plan was for me to stay on the 4th July and fly back on the 5th. Mum knew this. I told her I had booked a flight back already from the west coast to east coast (where she would pick me up and we would fly back to the UK together). She has gone mad at me because she can't believe I would book a flight when she told me she didn't want me flying on my own. At the time I had booked it she told me she wasn't gonna road trip with us. She knew the trip was happening.......how else was I to get home if I don't fly? 

I am fine flying on my own it doesn't bother me at all. I feel like I have done everything I can to make her feel comfortable with this trip and she is just trying to sabotage it. Thoughts??",Mother [51] not speaking to me [21] because of a trip I am planning, mum isn't speaking to me because I booked a flight and she doesn't want me flying on my own., I have made sure my mother is comfortable with my boyfriend travelling on a trip and now my mother is mad because I booked it.,ref,sup1,winner
2,"My boyfriend and I are long distance. We have a trip planned this summer which involves me going over to him in the USA. This will be the second time I have actually been with him in person. I am flying from the UK with my mum to the east coast. The original plan was for me to fly over to my boyfriend in the west coast (my parents are holidaying on the east coast) but because my mum was freaking out so much about me going to meet my boyfriend i said we can all road trip there together. I even invited her on the trip with us. I have given her all of our dates so that she can travel around with us.

The plan was for me to stay on the 4th July and fly back on the 5th. Mum knew this. I told her I had booked a flight back already from the west coast to east coast (where she would pick me up and we would fly back to the UK together). She has gone mad at me because she can't believe I would book a flight when she told me she didn't want me flying on my own. At the time I had booked it she told me she wasn't gonna road trip with us. She knew the trip was happening.......how else was I to get home if I don't fly? 

I am fine flying on my own it doesn't bother me at all. I feel like I have done everything I can to make her feel comfortable with this trip and she is just trying to sabotage it. Thoughts??",Mother [51] not speaking to me [21] because of a trip I am planning, mum isn't speaking to me because I booked a flight and she doesn't want me flying on my own., Mum thought I was going to road trip with my boyfriend. I cancelled the flight. Mum is annoyed because she thought she would be traveling with me. I am fine with that.,ref,sup1,winner
3,"My boyfriend and I are long distance. We have a trip planned this summer which involves me going over to him in the USA. This will be the second time I have actually been with him in person. I am flying from the UK with my mum to the east coast. The original plan was for me to fly over to my boyfriend in the west coast (my parents are holidaying on the east coast) but because my mum was freaking out so much about me going to meet my boyfriend i said we can all road trip there together. I even invited her on the trip with us. I have given her all of our dates so that she can travel around with us.

The plan was for me to stay on the 4th July and fly back on the 5th. Mum knew this. I told her I had booked a flight back already from the west coast to east coast (where she would pick me up and we would fly back to the UK together). She has gone mad at me because she can't believe I would book a flight when she told me she didn't want me flying on my own. At the time I had booked it she told me she wasn't gonna road trip with us. She knew the trip was happening.......how else was I to get home if I don't fly? 

I am fine flying on my own it doesn't bother me at all. I feel like I have done everything I can to make her feel comfortable with this trip and she is just trying to sabotage it. Thoughts??",Mother [51] not speaking to me [21] because of a trip I am planning, Mum thought I was going to road trip with my boyfriend. I cancelled the flight. Mum is annoyed because she thought she would be traveling with me. I am fine with that., Mum is mad at me for not flying on my own trip to meet my boyfriend.,sup1,sup1,winner
4,"My landlord left a falsified message taped to my door for all neighbours to are pretending to be another tenant. 

Evidence: 
She used the same font and size that she uses for all her notes
Only she would know where we live and correlate it with where we park
Neighbours have no problem with us 

We requested from the property management group to have the video tapes looked at and they stated hey did not have time to go on a ""wild goose chase"" I want evidence hard evidence and they denied me. 

I want to pursue this further particularly  with the human rights board of Canada based in harrassment and predjusice that goes against the human rights code. 

The letter calls us assholes, says we were raised in a barn, says because we are young we should be more competent, calls us pigs, days we make all the neighbours sick. 

It is defamatory as it was pasted for everyone to see. Also we were not born in Canada. 

Please see this website for your information on his situation.  

Also this letter was taped on our door for everyone to see. It was prejudice and defamatory on many levels Adressed in the the human rights code of Manitoba. It was defamation of character for it to be visible To everyone. Please see the following ""
It is also contrary to The Code for anyone responsible for rental housing to knowingly permit or fail to take reasonable steps to terminate harassment of one participant by another participant - such as harassment of one tenant by another tenant. (Please also see the sample policies on Discrimination and Harassment at the end of these guidelines.)""",Can I sue my property management company and landlord for harassment and human rights violations?," landlord pretended to be another tenant and wrote defamatory things on our wall, property management company refuses to look at the video tapes. Want to pursue this further", My landlord is harassing me and my neighbours with the same falsified leaflets that she has done in the past. We are seeking to have the evidence examined by the Human Rights Board of Canada.,ref,sup1,winner
5,"I [25M] have snooped in the past and copped up to it to my gf [25F] of 6 years.  We talked it through.  It had been a year or two since the last time.  That's an issue I'm working on.

Now she has a new close male work friend.  I won't go into details, but she hides things from me with him and does other things to make me a bit suspicious.  So...I snooped again, and this time, all texts from her new friend have been deleted and I saw a google search for ""how to get over a guy"" near some searches of his name and views of his Facebook profile.

I asked her about this guy, not mentioning the snooping, and she denied any feelings, we talked for a long time about our relationship and she insisted that she only loves me and I mean the world to her, and that she really wants to work towards getting this relationship back out of the rut we've been in (we both work all the time and barely see each other).

I think if I cop to the snooping, we might have a more honest conversation about what's actually going on (if something is) and why she's having these feelings so we can either work through it together (my preference) or move on.  But obviously, it will open the pandora's box of the snooping.

Think it's worth it to admit to the snooping to hopefully get to the bottom of this?",To admit or not to admit snooping...," Snooped, found something, should I admit what I found so we can have a more honest conversation about it with less denial on her part?"," I snooped, we talked about it, she wants to work it out, I'm not sure.  Is the snooping worth it?",ref,sup2,winner
6,"I [25M] have snooped in the past and copped up to it to my gf [25F] of 6 years.  We talked it through.  It had been a year or two since the last time.  That's an issue I'm working on.

Now she has a new close male work friend.  I won't go into details, but she hides things from me with him and does other things to make me a bit suspicious.  So...I snooped again, and this time, all texts from her new friend have been deleted and I saw a google search for ""how to get over a guy"" near some searches of his name and views of his Facebook profile.

I asked her about this guy, not mentioning the snooping, and she denied any feelings, we talked for a long time about our relationship and she insisted that she only loves me and I mean the world to her, and that she really wants to work towards getting this relationship back out of the rut we've been in (we both work all the time and barely see each other).

I think if I cop to the snooping, we might have a more honest conversation about what's actually going on (if something is) and why she's having these feelings so we can either work through it together (my preference) or move on.  But obviously, it will open the pandora's box of the snooping.

Think it's worth it to admit to the snooping to hopefully get to the bottom of this?",To admit or not to admit snooping...," I snooped, gf has new male friend, I'm not sure whether to confess snooping to try and get us back on track."," I snooped, we talked about it, she wants to work it out, I'm not sure.  Is the snooping worth it?",sup2,sup2,winner
7,"I [25M] have snooped in the past and copped up to it to my gf [25F] of 6 years.  We talked it through.  It had been a year or two since the last time.  That's an issue I'm working on.

Now she has a new close male work friend.  I won't go into details, but she hides things from me with him and does other things to make me a bit suspicious.  So...I snooped again, and this time, all texts from her new friend have been deleted and I saw a google search for ""how to get over a guy"" near some searches of his name and views of his Facebook profile.

I asked her about this guy, not mentioning the snooping, and she denied any feelings, we talked for a long time about our relationship and she insisted that she only loves me and I mean the world to her, and that she really wants to work towards getting this relationship back out of the rut we've been in (we both work all the time and barely see each other).

I think if I cop to the snooping, we might have a more honest conversation about what's actually going on (if something is) and why she's having these feelings so we can either work through it together (my preference) or move on.  But obviously, it will open the pandora's box of the snooping.

Think it's worth it to admit to the snooping to hopefully get to the bottom of this?",To admit or not to admit snooping...," Snooped, found something, should I admit what I found so we can have a more honest conversation about it with less denial on her part?"," Opened up snooping and found a google search for a guy's name and views of his facebook profile.  Girlfriend denies any feelings for him and insists that she only loves me and I mean the world to her, I'm not sure if I should admit to snooping and get to the bottom of this?",ref,sup2,winner
8,"I [25M] have snooped in the past and copped up to it to my gf [25F] of 6 years.  We talked it through.  It had been a year or two since the last time.  That's an issue I'm working on.

Now she has a new close male work friend.  I won't go into details, but she hides things from me with him and does other things to make me a bit suspicious.  So...I snooped again, and this time, all texts from her new friend have been deleted and I saw a google search for ""how to get over a guy"" near some searches of his name and views of his Facebook profile.

I asked her about this guy, not mentioning the snooping, and she denied any feelings, we talked for a long time about our relationship and she insisted that she only loves me and I mean the world to her, and that she really wants to work towards getting this relationship back out of the rut we've been in (we both work all the time and barely see each other).

I think if I cop to the snooping, we might have a more honest conversation about what's actually going on (if something is) and why she's having these feelings so we can either work through it together (my preference) or move on.  But obviously, it will open the pandora's box of the snooping.

Think it's worth it to admit to the snooping to hopefully get to the bottom of this?",To admit or not to admit snooping...," I snooped, gf has new male friend, I'm not sure whether to confess snooping to try and get us back on track."," Opened up snooping and found a google search for a guy's name and views of his facebook profile.  Girlfriend denies any feelings for him and insists that she only loves me and I mean the world to her, I'm not sure if I should admit to snooping and get to the bottom of this?",sup2,sup2,winner
9,We have had our relationship for two and a half years and she is one of the sweetest and nicest people I know but I just don't feel happy around her anymore. We're both going to college and see each other on the weekends (about an hour train ride) but our relationship doesn't feel the same as it used to. She hasn't done anything wrong and I dont know how to make her feel like she hasn't done anything wrong when I break up with her because she will think it's her fault. Is it even okay to break up with someone just because you're not happy even though they try to make you happy?,I [20M] want to break up with girlfriend [20F] who has done nothing wrong, Good girlfriend I'm just not happy don't know how to break up with her, I want to break up with my girlfriend because I'm not happy but she thinks it's her fault. Should I do it anyway?,ref,sup2,winner
10,"Recently I've been seeing more and more hate towards feminism as a whole. I've been seeing the phrase ""found the feminist"" more and more as though it's a laughable and shaming thing to be. 

If you're a feminist then you must hate all men and believe that women > men. That women deserve benefits for simply being women. And I'd be lying if I sat here and said that it's false because yes, there are women out there that do believe that is the case and claim that it's all in the name of being a feminist.

Being a *real* feminist means that you want *equality* for *both genders.* That no woman or man should be treated unfairly because of their gender. That both women and men *are equals* and that they should be treated as such.

Women and men making claims such as women > men are not feminists, because being a feminist means you want equality and that is not equality. Women and men claiming that they hate men simply for being men *are not feminists* because feminists are supposed to strive for *equality* and claiming to hate an ENTIRE GENDER of people, essentially half the human race, just for being men, is not fair or just.

The fact that people are now of the idea that being a feminist must mean these negative and false things is worrying. It feels as though this once very respected and well thought of movement and all it's accomplishments are being flushed away due to the extremists.

**Pretty much everything has extremists, and it's wrong to judge the entire group by the minor few.** The fact it's even gotten this far and that being a feminist is a laughable offense is extremely worrying for equality between genders as I'm seeing more and more people being dismissed and mocked for being a feminist.",Extremists, Being a feminist means you want equality and that both women and men should be treated equally. Being a *real* feminist means you do not want to see men treated as the inferior sex or any other half of humanity. The fact that people are now of the idea that being a feminist must mean these negative and false things is worrying. It feels as though this once very respected and well thought of movement and all it's accomplishments are being flushed away due to the extremists.," I suppose I'm just worried, I'm worried that these minor few  are setting back an important and vital message by reducing the movement itself to a laughable thing.",sup2,ref,winner
11,"Recently I've been seeing more and more hate towards feminism as a whole. I've been seeing the phrase ""found the feminist"" more and more as though it's a laughable and shaming thing to be. 

If you're a feminist then you must hate all men and believe that women > men. That women deserve benefits for simply being women. And I'd be lying if I sat here and said that it's false because yes, there are women out there that do believe that is the case and claim that it's all in the name of being a feminist.

Being a *real* feminist means that you want *equality* for *both genders.* That no woman or man should be treated unfairly because of their gender. That both women and men *are equals* and that they should be treated as such.

Women and men making claims such as women > men are not feminists, because being a feminist means you want equality and that is not equality. Women and men claiming that they hate men simply for being men *are not feminists* because feminists are supposed to strive for *equality* and claiming to hate an ENTIRE GENDER of people, essentially half the human race, just for being men, is not fair or just.

The fact that people are now of the idea that being a feminist must mean these negative and false things is worrying. It feels as though this once very respected and well thought of movement and all it's accomplishments are being flushed away due to the extremists.

**Pretty much everything has extremists, and it's wrong to judge the entire group by the minor few.** The fact it's even gotten this far and that being a feminist is a laughable offense is extremely worrying for equality between genders as I'm seeing more and more people being dismissed and mocked for being a feminist.",Extremists," A movement that is supposed to be about equality has extremists who have made it a laughing stock, and it's a sign that this movement has been so strongly dismissed that it has lost all it's accomplishments."," I suppose I'm just worried, I'm worried that these minor few  are setting back an important and vital message by reducing the movement itself to a laughable thing.",sup2,ref,winner
12,"Recently I've been seeing more and more hate towards feminism as a whole. I've been seeing the phrase ""found the feminist"" more and more as though it's a laughable and shaming thing to be. 

If you're a feminist then you must hate all men and believe that women > men. That women deserve benefits for simply being women. And I'd be lying if I sat here and said that it's false because yes, there are women out there that do believe that is the case and claim that it's all in the name of being a feminist.

Being a *real* feminist means that you want *equality* for *both genders.* That no woman or man should be treated unfairly because of their gender. That both women and men *are equals* and that they should be treated as such.

Women and men making claims such as women > men are not feminists, because being a feminist means you want equality and that is not equality. Women and men claiming that they hate men simply for being men *are not feminists* because feminists are supposed to strive for *equality* and claiming to hate an ENTIRE GENDER of people, essentially half the human race, just for being men, is not fair or just.

The fact that people are now of the idea that being a feminist must mean these negative and false things is worrying. It feels as though this once very respected and well thought of movement and all it's accomplishments are being flushed away due to the extremists.

**Pretty much everything has extremists, and it's wrong to judge the entire group by the minor few.** The fact it's even gotten this far and that being a feminist is a laughable offense is extremely worrying for equality between genders as I'm seeing more and more people being dismissed and mocked for being a feminist.",Extremists, Being a feminist means you want equality and that both women and men should be treated equally. Being a *real* feminist means you do not want to see men treated as the inferior sex or any other half of humanity. The fact that people are now of the idea that being a feminist must mean these negative and false things is worrying. It feels as though this once very respected and well thought of movement and all it's accomplishments are being flushed away due to the extremists.," If you want equality then you must hate men. If you want equality then you must hate women. If you want equality then you must hate men and women. If you want equality then you must hate men and women. *If* you do, then you're not a real feminist.",sup2,sup2,winner
13,"Recently I've been seeing more and more hate towards feminism as a whole. I've been seeing the phrase ""found the feminist"" more and more as though it's a laughable and shaming thing to be. 

If you're a feminist then you must hate all men and believe that women > men. That women deserve benefits for simply being women. And I'd be lying if I sat here and said that it's false because yes, there are women out there that do believe that is the case and claim that it's all in the name of being a feminist.

Being a *real* feminist means that you want *equality* for *both genders.* That no woman or man should be treated unfairly because of their gender. That both women and men *are equals* and that they should be treated as such.

Women and men making claims such as women > men are not feminists, because being a feminist means you want equality and that is not equality. Women and men claiming that they hate men simply for being men *are not feminists* because feminists are supposed to strive for *equality* and claiming to hate an ENTIRE GENDER of people, essentially half the human race, just for being men, is not fair or just.

The fact that people are now of the idea that being a feminist must mean these negative and false things is worrying. It feels as though this once very respected and well thought of movement and all it's accomplishments are being flushed away due to the extremists.

**Pretty much everything has extremists, and it's wrong to judge the entire group by the minor few.** The fact it's even gotten this far and that being a feminist is a laughable offense is extremely worrying for equality between genders as I'm seeing more and more people being dismissed and mocked for being a feminist.",Extremists," A movement that is supposed to be about equality has extremists who have made it a laughing stock, and it's a sign that this movement has been so strongly dismissed that it has lost all it's accomplishments."," If you want equality then you must hate men. If you want equality then you must hate women. If you want equality then you must hate men and women. If you want equality then you must hate men and women. *If* you do, then you're not a real feminist.",sup2,sup2,winner
14,"Hello all and thank you for taking the time to read this. 

I have booked a flight with AC live cargo to ship my dog from Toronto to San Franciso on August 10th. I thought I had all my ducks in a row but when I went to get the ""international health certificate for dogs and cats"" given to me by my regular vet signed by an ""official Canadian food inspection agency veterinarian"" they laughed at me and said this form is not needed to go to the US. (I do have the rabies vaccination certificate)

The CFIA said the health certificate that is required is just a statement from my regular vet stating age, breed, etc of the dog and that it is fit for travel. 

But my vet has said that people were turned away from traveling to the states because they *did not* have the form I mentioned above. I called the airline and they didn't know if it was the official form or just a statement from the vet. 

Can somebody please clarify?? Did you require this official ""international health certificate for dogs and cats"" to send your dog to the US or just a letter and rabies vaccination? 

Any insight is greatly appreciated! I am leaving in 3 days so time is limited.","Anyone who has flown their dog to the US to Canada, please help! Urgent!", I need to ship my dog into the US but they say the health certificate is not needed and they don't provide the form. What do I do?, â€“ I'm going to Canada with my dog in the next week and I need advice on what's required to get the dog into the US.,sup2,sup2,winner
15,"I don't know how I feel.

I've recently gotten out of a five year relationship, of which the final 6 months he had a seriously full blown emotional and physical affair.

Coming out I felt great, I met a great bunch of new friends - a mix of guys and girls. About 5 months into the friendship, I started sleeping with one of the guys. We agreed it was casual, and neither of us would pursue it again. But he did last week, very much so. We slept together multiple times that night.

So I hear a conversation between him and one of the girls in our group about how he doesn't remember sleeping with me or not. I confront him, and he tells me he remembers 100% of the night, and never said that to her.

Him and this girl, over the days following, are all over each other right in front of me. Tonight, I over hear a conversation between her and another one of the friends, that he asked he on a date. She said she sees things happening between them next month.

I feel total used and in the dark. But don't know if I should feel that way. I've since heard he has no recollection what so ever about the conversation he had with her. 

I just feel like he's been selfish, liking this girl, sleeping multiple times with her friend, but still then asking her on a date... I'm so upset, and hurt. And I feel like this is a beyond weird situation. But do I have a right to be upset? I feel like he hasn't cared about her either. Whenever I hang with them if I were to walk in, I'll now always be the girl who slept with her bf.

They're all using the excuse that he was always the fat, unattractive guy who girls didn't like, and now he doesn't know how to handle his new found 'attractiveness'. I feel like we've all been through that though, and if I were in his situation, I'd make one of the two decisions and keep it that way.",I (26F) have been recently sleeping with a friend (27M) who is behind my back now pursuing a relationship with a close mutual friend. (20F)," Friend slept with me despite liking, and pursuing a relationship with another mutual friend. Do I have a right to be upset?"," friend slept with a girl, asked her on a date, but he never told her that. She's very close to him, and he's everything to her. I feel used and hurt by this, and don't know how to feel.",ref,sup2,winner
16,"I don't know how I feel.

I've recently gotten out of a five year relationship, of which the final 6 months he had a seriously full blown emotional and physical affair.

Coming out I felt great, I met a great bunch of new friends - a mix of guys and girls. About 5 months into the friendship, I started sleeping with one of the guys. We agreed it was casual, and neither of us would pursue it again. But he did last week, very much so. We slept together multiple times that night.

So I hear a conversation between him and one of the girls in our group about how he doesn't remember sleeping with me or not. I confront him, and he tells me he remembers 100% of the night, and never said that to her.

Him and this girl, over the days following, are all over each other right in front of me. Tonight, I over hear a conversation between her and another one of the friends, that he asked he on a date. She said she sees things happening between them next month.

I feel total used and in the dark. But don't know if I should feel that way. I've since heard he has no recollection what so ever about the conversation he had with her. 

I just feel like he's been selfish, liking this girl, sleeping multiple times with her friend, but still then asking her on a date... I'm so upset, and hurt. And I feel like this is a beyond weird situation. But do I have a right to be upset? I feel like he hasn't cared about her either. Whenever I hang with them if I were to walk in, I'll now always be the girl who slept with her bf.

They're all using the excuse that he was always the fat, unattractive guy who girls didn't like, and now he doesn't know how to handle his new found 'attractiveness'. I feel like we've all been through that though, and if I were in his situation, I'd make one of the two decisions and keep it that way.",I (26F) have been recently sleeping with a friend (27M) who is behind my back now pursuing a relationship with a close mutual friend. (20F)," Friend slept with me despite liking, and pursuing a relationship with another mutual friend. Do I have a right to be upset?"," I have a friend who has a new found attraction to me, and is pursuing to date the girl who was with him for 6 months. I feel like he's used me, and now doesn't know what to do with his new found looks and self confidence.",ref,sup3_6b,winner
17,"I don't know how I feel.

I've recently gotten out of a five year relationship, of which the final 6 months he had a seriously full blown emotional and physical affair.

Coming out I felt great, I met a great bunch of new friends - a mix of guys and girls. About 5 months into the friendship, I started sleeping with one of the guys. We agreed it was casual, and neither of us would pursue it again. But he did last week, very much so. We slept together multiple times that night.

So I hear a conversation between him and one of the girls in our group about how he doesn't remember sleeping with me or not. I confront him, and he tells me he remembers 100% of the night, and never said that to her.

Him and this girl, over the days following, are all over each other right in front of me. Tonight, I over hear a conversation between her and another one of the friends, that he asked he on a date. She said she sees things happening between them next month.

I feel total used and in the dark. But don't know if I should feel that way. I've since heard he has no recollection what so ever about the conversation he had with her. 

I just feel like he's been selfish, liking this girl, sleeping multiple times with her friend, but still then asking her on a date... I'm so upset, and hurt. And I feel like this is a beyond weird situation. But do I have a right to be upset? I feel like he hasn't cared about her either. Whenever I hang with them if I were to walk in, I'll now always be the girl who slept with her bf.

They're all using the excuse that he was always the fat, unattractive guy who girls didn't like, and now he doesn't know how to handle his new found 'attractiveness'. I feel like we've all been through that though, and if I were in his situation, I'd make one of the two decisions and keep it that way.",I (26F) have been recently sleeping with a friend (27M) who is behind my back now pursuing a relationship with a close mutual friend. (20F)," Friend slept with me despite liking, and pursuing a relationship with another mutual friend. Do I have a right to be upset?"," been sleeping with a friend, who has a close mutual friend, a week after he asked her on a date. He says he doesn't remember, and without even asking her out on a date, he wanted her to know he liked her. I feel hurt and bummed out.",ref,sup2_bo8_rm1,winner
18,"Background info: I am a 21F, SO is 20M. We have been together ~6 months.

This month I have been taking classes. I'm usually at the university for about 4 hours, so I typically let my SO drop me off and pick me up, that way he has access to my car (he doesn't have a vehicle at the moment). He typically goes to the beach with friends and surfs, and occasionally he'll have a few beers. After picking me up one day after a few drinks, I requested that he no longer drink more than one beer if he is going to be driving my car. He wasn't driving too crazy, but he knicked a curb, and seemed to not have the best judgement (pulled out right in front of someone, lots of honking ensued). Anyways, it's not only concern for my car that I made this rule, but also the fact that he is underage, and I'd rather he wasn't using my car when engaging in such activities. Lately, he has been making excuses and continues to drink while I'm in class. He's not drunk when he picks me up, but he's definitely ""tipsy"". He will clean my car and then make the argument that he obviously respects my car- he cleaned it out for me. Any advice?",SO doesnt seem to respect my car.," SO doesn't respect my car and is underage, should I be concerned?", SO doesn't respect my car- but he does respect my car.,sup2_bo8_rm1,sup3_6b,winner
19,"Background info: I am a 21F, SO is 20M. We have been together ~6 months.

This month I have been taking classes. I'm usually at the university for about 4 hours, so I typically let my SO drop me off and pick me up, that way he has access to my car (he doesn't have a vehicle at the moment). He typically goes to the beach with friends and surfs, and occasionally he'll have a few beers. After picking me up one day after a few drinks, I requested that he no longer drink more than one beer if he is going to be driving my car. He wasn't driving too crazy, but he knicked a curb, and seemed to not have the best judgement (pulled out right in front of someone, lots of honking ensued). Anyways, it's not only concern for my car that I made this rule, but also the fact that he is underage, and I'd rather he wasn't using my car when engaging in such activities. Lately, he has been making excuses and continues to drink while I'm in class. He's not drunk when he picks me up, but he's definitely ""tipsy"". He will clean my car and then make the argument that he obviously respects my car- he cleaned it out for me. Any advice?",SO doesnt seem to respect my car., boyfriend drives my car after having a few beers even after I've repeatedly asked him not to. I feel he doesn't respect my car or my wishes," SO is underage and uses my car when driving, I want him to stop.",ref,sup2,winner
20,"Alright so Christmas is coming up and I literally have NO idea what to get my boyfriend... He already got me something and it's.. It's pretty expensive.. I don't know what it is, but we were in the car earlier and I asked him about things he'd want ""You don't have to BUY anything."" is what he told me.. I am at a loss.. I really can't think of anything.

I really feel like shit for not being able to think of a Christmas gift. I want it to mean a lot. He's a level-headed realist Atheist. He enjoys video games like skyrim (mostly WoW). He likes Mid-evil things. I just want something he can cherish forever that he will actually like... Any ideas? I have a pretty small spending amount.. And I at least want to be able to make it. (I am really artsy).

We have been together for a Year and a Half now, live together and what not. I am 20, he is 21 Obviously I am female, he is male.",I really need some help with my boyfriend.., I am panicking about a Christmas present for my boyfriend and I need help., I have no idea what a Christmas gift for my boyfriend is. What do I get?,ref,sup3,winner
21,"Alright so Christmas is coming up and I literally have NO idea what to get my boyfriend... He already got me something and it's.. It's pretty expensive.. I don't know what it is, but we were in the car earlier and I asked him about things he'd want ""You don't have to BUY anything."" is what he told me.. I am at a loss.. I really can't think of anything.

I really feel like shit for not being able to think of a Christmas gift. I want it to mean a lot. He's a level-headed realist Atheist. He enjoys video games like skyrim (mostly WoW). He likes Mid-evil things. I just want something he can cherish forever that he will actually like... Any ideas? I have a pretty small spending amount.. And I at least want to be able to make it. (I am really artsy).

We have been together for a Year and a Half now, live together and what not. I am 20, he is 21 Obviously I am female, he is male.",I really need some help with my boyfriend.., I can't think of a gift for my boyfriend. He's a level-headed Atheist and gamer and I have no idea how to get him something he will enjoy., I am panicking about a Christmas present for my boyfriend and I need help.,sup3_bo8_rm2,ref,winner
22,"Alright so Christmas is coming up and I literally have NO idea what to get my boyfriend... He already got me something and it's.. It's pretty expensive.. I don't know what it is, but we were in the car earlier and I asked him about things he'd want ""You don't have to BUY anything."" is what he told me.. I am at a loss.. I really can't think of anything.

I really feel like shit for not being able to think of a Christmas gift. I want it to mean a lot. He's a level-headed realist Atheist. He enjoys video games like skyrim (mostly WoW). He likes Mid-evil things. I just want something he can cherish forever that he will actually like... Any ideas? I have a pretty small spending amount.. And I at least want to be able to make it. (I am really artsy).

We have been together for a Year and a Half now, live together and what not. I am 20, he is 21 Obviously I am female, he is male.",I really need some help with my boyfriend.., I can't think of a gift for my boyfriend. He's a level-headed Atheist and gamer and I have no idea how to get him something he will enjoy., I want to get my boyfriend something that he will actually like for Christmas but am at a loss... Don't want to be just a present. Need ideas.,sup3_bo8_rm2,sup3_ppo_rm1,winner
23,"Alright so Christmas is coming up and I literally have NO idea what to get my boyfriend... He already got me something and it's.. It's pretty expensive.. I don't know what it is, but we were in the car earlier and I asked him about things he'd want ""You don't have to BUY anything."" is what he told me.. I am at a loss.. I really can't think of anything.

I really feel like shit for not being able to think of a Christmas gift. I want it to mean a lot. He's a level-headed realist Atheist. He enjoys video games like skyrim (mostly WoW). He likes Mid-evil things. I just want something he can cherish forever that he will actually like... Any ideas? I have a pretty small spending amount.. And I at least want to be able to make it. (I am really artsy).

We have been together for a Year and a Half now, live together and what not. I am 20, he is 21 Obviously I am female, he is male.",I really need some help with my boyfriend.., I want to get my boyfriend something that he will actually like for Christmas but am at a loss... Don't want to be just a present. Need ideas., I have no idea what a Christmas gift for my boyfriend is. What do I get?,sup3_ppo_rm1,sup3,winner
24,"Alright so Christmas is coming up and I literally have NO idea what to get my boyfriend... He already got me something and it's.. It's pretty expensive.. I don't know what it is, but we were in the car earlier and I asked him about things he'd want ""You don't have to BUY anything."" is what he told me.. I am at a loss.. I really can't think of anything.

I really feel like shit for not being able to think of a Christmas gift. I want it to mean a lot. He's a level-headed realist Atheist. He enjoys video games like skyrim (mostly WoW). He likes Mid-evil things. I just want something he can cherish forever that he will actually like... Any ideas? I have a pretty small spending amount.. And I at least want to be able to make it. (I am really artsy).

We have been together for a Year and a Half now, live together and what not. I am 20, he is 21 Obviously I am female, he is male.",I really need some help with my boyfriend.., I want to get my boyfriend something that he will actually like for Christmas but am at a loss... Don't want to be just a present. Need ideas., I am panicking about a Christmas present for my boyfriend and I need help.,sup3_ppo_rm1,ref,winner
25,"** **Note**: I'm going to put ""family"" in quotation marks because, honestly, we are anything but. But they are my biological ""family"", unfortunately.

**Background:**

I am currently a junior in high school. Technically, when I graduate I'll only be 17. However, only a little while after that, I'll turn 18.

I don't want to get into specifics of my situation with my family because I have friends that use Reddit and I don't want to cause alarm. But to get an idea of what I'm dealing with, I've been physically harmed by every single member of my immediate ""family"" at least once (including me, we are a ""family"" of 5. I am the youngest. I'm currently fine, though for those who may be concerned). This is just one of many other things, there's also emotional abuse.

**Issue at hand:**

I've read countless stories on here and other corners of reddit about how people were able to move out and get away from their families as soon as they turned 18. I need to be able to do this.

How do I plan this out? How do I become financially independent from my parents? How would I pay for college? If any of you have successfully done this, can you share with me how you did this?

*Please* help me Reddit, I don't know how to do this on my own.",Please help! I [16F] want to cut ties with my toxic family as soon as I turn 18. How can I achieve this?," I want to leave my toxic ""family"" as soon as I turn 18, how would I go about this and how would I obtain the means to do this?"," 16 year old wants to cut ties with family as soon as she turns 18. Not sure how to do it. Has anyone done it before, please share your story.",sup4_bo128_rm3,sup4_bo128_rm3,winner
26,"** **Note**: I'm going to put ""family"" in quotation marks because, honestly, we are anything but. But they are my biological ""family"", unfortunately.

**Background:**

I am currently a junior in high school. Technically, when I graduate I'll only be 17. However, only a little while after that, I'll turn 18.

I don't want to get into specifics of my situation with my family because I have friends that use Reddit and I don't want to cause alarm. But to get an idea of what I'm dealing with, I've been physically harmed by every single member of my immediate ""family"" at least once (including me, we are a ""family"" of 5. I am the youngest. I'm currently fine, though for those who may be concerned). This is just one of many other things, there's also emotional abuse.

**Issue at hand:**

I've read countless stories on here and other corners of reddit about how people were able to move out and get away from their families as soon as they turned 18. I need to be able to do this.

How do I plan this out? How do I become financially independent from my parents? How would I pay for college? If any of you have successfully done this, can you share with me how you did this?

*Please* help me Reddit, I don't know how to do this on my own.",Please help! I [16F] want to cut ties with my toxic family as soon as I turn 18. How can I achieve this?," I want to leave my toxic ""family"" as soon as I turn 18, how would I go about this and how would I obtain the means to do this?"," I want to move out and cut contact with my ""family"" when I turn 18. How do I go about doing this?",sup4_bo128_rm3,ref,winner
27,"** **Note**: I'm going to put ""family"" in quotation marks because, honestly, we are anything but. But they are my biological ""family"", unfortunately.

**Background:**

I am currently a junior in high school. Technically, when I graduate I'll only be 17. However, only a little while after that, I'll turn 18.

I don't want to get into specifics of my situation with my family because I have friends that use Reddit and I don't want to cause alarm. But to get an idea of what I'm dealing with, I've been physically harmed by every single member of my immediate ""family"" at least once (including me, we are a ""family"" of 5. I am the youngest. I'm currently fine, though for those who may be concerned). This is just one of many other things, there's also emotional abuse.

**Issue at hand:**

I've read countless stories on here and other corners of reddit about how people were able to move out and get away from their families as soon as they turned 18. I need to be able to do this.

How do I plan this out? How do I become financially independent from my parents? How would I pay for college? If any of you have successfully done this, can you share with me how you did this?

*Please* help me Reddit, I don't know how to do this on my own.",Please help! I [16F] want to cut ties with my toxic family as soon as I turn 18. How can I achieve this?, I'm a kid who has been emotionally and physically harmed by my family and want to be able to leave them as soon as I turn 18. How do I do this?," 16 year old wants to cut ties with family as soon as she turns 18. Not sure how to do it. Has anyone done it before, please share your story.",sup4_bo256_rm3,sup4_bo128_rm3,winner
28,"** **Note**: I'm going to put ""family"" in quotation marks because, honestly, we are anything but. But they are my biological ""family"", unfortunately.

**Background:**

I am currently a junior in high school. Technically, when I graduate I'll only be 17. However, only a little while after that, I'll turn 18.

I don't want to get into specifics of my situation with my family because I have friends that use Reddit and I don't want to cause alarm. But to get an idea of what I'm dealing with, I've been physically harmed by every single member of my immediate ""family"" at least once (including me, we are a ""family"" of 5. I am the youngest. I'm currently fine, though for those who may be concerned). This is just one of many other things, there's also emotional abuse.

**Issue at hand:**

I've read countless stories on here and other corners of reddit about how people were able to move out and get away from their families as soon as they turned 18. I need to be able to do this.

How do I plan this out? How do I become financially independent from my parents? How would I pay for college? If any of you have successfully done this, can you share with me how you did this?

*Please* help me Reddit, I don't know how to do this on my own.",Please help! I [16F] want to cut ties with my toxic family as soon as I turn 18. How can I achieve this?, I'm a kid who has been emotionally and physically harmed by my family and want to be able to leave them as soon as I turn 18. How do I do this?," I want to move out and cut contact with my ""family"" when I turn 18. How do I go about doing this?",sup4_bo256_rm3,ref,winner
29,"** **Note**: I'm going to put ""family"" in quotation marks because, honestly, we are anything but. But they are my biological ""family"", unfortunately.

**Background:**

I am currently a junior in high school. Technically, when I graduate I'll only be 17. However, only a little while after that, I'll turn 18.

I don't want to get into specifics of my situation with my family because I have friends that use Reddit and I don't want to cause alarm. But to get an idea of what I'm dealing with, I've been physically harmed by every single member of my immediate ""family"" at least once (including me, we are a ""family"" of 5. I am the youngest. I'm currently fine, though for those who may be concerned). This is just one of many other things, there's also emotional abuse.

**Issue at hand:**

I've read countless stories on here and other corners of reddit about how people were able to move out and get away from their families as soon as they turned 18. I need to be able to do this.

How do I plan this out? How do I become financially independent from my parents? How would I pay for college? If any of you have successfully done this, can you share with me how you did this?

*Please* help me Reddit, I don't know how to do this on my own.",Please help! I [16F] want to cut ties with my toxic family as soon as I turn 18. How can I achieve this?," 16 year old wants to cut ties with family as soon as she turns 18. Not sure how to do it. Has anyone done it before, please share your story."," I want to move out and cut contact with my ""family"" when I turn 18. How do I go about doing this?",sup4_bo128_rm3,ref,winner
30,"I had a car accident on friday, other party involved was speeding and hit me. but because he denies it it seems like I was wrong because he was supposed to go first under normal circumstances. ( give way road markings ) 

but because it was clear when I checked it I drove on, and when I was almost past the intersection he slammed me in the side near the back seat. and caused me to slide across the road for 2-3 meters hit a street light and then bounce back a meter. both doors completely jammed so i had to climb out the window...

can I somehow get an investigation going about this to see how fast he had to be driving to get this much force in the collision?
because the damage on my car would suggest that he was driving way faster than the legal limit there. ( which is 50 km/h )

also another reason why i think he was going way faster than admitted is because he could never have reached the intersection from such a distance as where i could not even see him yet

(pictures of the damage:  ) as you can see with the damage, I am lucky to be alive and unharmed right now... 1ft further forward and it could have been my end...

help would be appeciated on this :)",Anybody with knowledge of the Dutch law around ? car accident questions.," we suspect other party involved of speeding when he hit me but I can't prove it without an investigation into the damage, how can i get such an investigation ? if at all possible.", car accident caused me 2-3m damage to my car both doors totally jammed and driving way faster than usual. need info on what to do with this.. thanks :),ref,sup4_ppo_rm3_kl10,winner
31,"I had a car accident on friday, other party involved was speeding and hit me. but because he denies it it seems like I was wrong because he was supposed to go first under normal circumstances. ( give way road markings ) 

but because it was clear when I checked it I drove on, and when I was almost past the intersection he slammed me in the side near the back seat. and caused me to slide across the road for 2-3 meters hit a street light and then bounce back a meter. both doors completely jammed so i had to climb out the window...

can I somehow get an investigation going about this to see how fast he had to be driving to get this much force in the collision?
because the damage on my car would suggest that he was driving way faster than the legal limit there. ( which is 50 km/h )

also another reason why i think he was going way faster than admitted is because he could never have reached the intersection from such a distance as where i could not even see him yet

(pictures of the damage:  ) as you can see with the damage, I am lucky to be alive and unharmed right now... 1ft further forward and it could have been my end...

help would be appeciated on this :)",Anybody with knowledge of the Dutch law around ? car accident questions., had car accident on friday. other party involved was speeding and hit me. but because he denies responsibility he seems to be to blame. can i get some kind of investigation into it?, car accident caused me 2-3m damage to my car both doors totally jammed and driving way faster than usual. need info on what to do with this.. thanks :),sup4_ppo_rm3_kl10,sup4_ppo_rm3_kl10,winner
32,"I had a car accident on friday, other party involved was speeding and hit me. but because he denies it it seems like I was wrong because he was supposed to go first under normal circumstances. ( give way road markings ) 

but because it was clear when I checked it I drove on, and when I was almost past the intersection he slammed me in the side near the back seat. and caused me to slide across the road for 2-3 meters hit a street light and then bounce back a meter. both doors completely jammed so i had to climb out the window...

can I somehow get an investigation going about this to see how fast he had to be driving to get this much force in the collision?
because the damage on my car would suggest that he was driving way faster than the legal limit there. ( which is 50 km/h )

also another reason why i think he was going way faster than admitted is because he could never have reached the intersection from such a distance as where i could not even see him yet

(pictures of the damage:  ) as you can see with the damage, I am lucky to be alive and unharmed right now... 1ft further forward and it could have been my end...

help would be appeciated on this :)",Anybody with knowledge of the Dutch law around ? car accident questions., had car accident on friday. other party involved was speeding and hit me. but because he denies responsibility he seems to be to blame. can i get some kind of investigation into it?," we suspect other party involved of speeding when he hit me but I can't prove it without an investigation into the damage, how can i get such an investigation ? if at all possible.",sup4_ppo_rm3_kl10,ref,winner
33,"I had a car accident on friday, other party involved was speeding and hit me. but because he denies it it seems like I was wrong because he was supposed to go first under normal circumstances. ( give way road markings ) 

but because it was clear when I checked it I drove on, and when I was almost past the intersection he slammed me in the side near the back seat. and caused me to slide across the road for 2-3 meters hit a street light and then bounce back a meter. both doors completely jammed so i had to climb out the window...

can I somehow get an investigation going about this to see how fast he had to be driving to get this much force in the collision?
because the damage on my car would suggest that he was driving way faster than the legal limit there. ( which is 50 km/h )

also another reason why i think he was going way faster than admitted is because he could never have reached the intersection from such a distance as where i could not even see him yet

(pictures of the damage:  ) as you can see with the damage, I am lucky to be alive and unharmed right now... 1ft further forward and it could have been my end...

help would be appeciated on this :)",Anybody with knowledge of the Dutch law around ? car accident questions.," I got a car crash involving another car, can i somehow get an investigation going about the speed involved in the collision?", car accident caused me 2-3m damage to my car both doors totally jammed and driving way faster than usual. need info on what to do with this.. thanks :),sup4_6b_t0.7,sup4_ppo_rm3_kl10,winner
34,"I had a car accident on friday, other party involved was speeding and hit me. but because he denies it it seems like I was wrong because he was supposed to go first under normal circumstances. ( give way road markings ) 

but because it was clear when I checked it I drove on, and when I was almost past the intersection he slammed me in the side near the back seat. and caused me to slide across the road for 2-3 meters hit a street light and then bounce back a meter. both doors completely jammed so i had to climb out the window...

can I somehow get an investigation going about this to see how fast he had to be driving to get this much force in the collision?
because the damage on my car would suggest that he was driving way faster than the legal limit there. ( which is 50 km/h )

also another reason why i think he was going way faster than admitted is because he could never have reached the intersection from such a distance as where i could not even see him yet

(pictures of the damage:  ) as you can see with the damage, I am lucky to be alive and unharmed right now... 1ft further forward and it could have been my end...

help would be appeciated on this :)",Anybody with knowledge of the Dutch law around ? car accident questions.," I got a car crash involving another car, can i somehow get an investigation going about the speed involved in the collision?"," we suspect other party involved of speeding when he hit me but I can't prove it without an investigation into the damage, how can i get such an investigation ? if at all possible.",sup4_6b_t0.7,ref,winner
35,"This is my first post so please be kind :)

I know that lots of people often feel confused when they come out of a long-term relationship. They think they have forgotten how to be single, or how to flirt/date.

I am one of these people.

The problem is, my relationship started when I had just turned 16. I have never been single - as an adult. That might sound silly. But the only time I have ever flirted or dated was as an over-confident, hormone-riddled teenager.

Now I have a pretty demanding job, responsibilities blah blah... And I just don't know how to this!

I'm no way in a rush to get into a new relationship, but that doesn't mean I want to be completely alone in the mean time.

If anyone has experienced anything similar, or just generally has some advice, it would be greatly appreciated!",I [23F] have just come out of 8 year relationship. Feel like I don't know how to date/flirt. Scared will grow old with many cats. Any advice?," I never dated/flirted as an adult, now I'm not sure how to date. Scared will grow old with many cats. Any advice?"," Just came out of 8 year relationship, don't know how to please myself or how to flirt/date. How do I do this?",sup4_t0.7,sup4_t0.7,winner
36,"This is my first post so please be kind :)

I know that lots of people often feel confused when they come out of a long-term relationship. They think they have forgotten how to be single, or how to flirt/date.

I am one of these people.

The problem is, my relationship started when I had just turned 16. I have never been single - as an adult. That might sound silly. But the only time I have ever flirted or dated was as an over-confident, hormone-riddled teenager.

Now I have a pretty demanding job, responsibilities blah blah... And I just don't know how to this!

I'm no way in a rush to get into a new relationship, but that doesn't mean I want to be completely alone in the mean time.

If anyone has experienced anything similar, or just generally has some advice, it would be greatly appreciated!",I [23F] have just come out of 8 year relationship. Feel like I don't know how to date/flirt. Scared will grow old with many cats. Any advice?," Just came out of 8 year relationship, don't know how to please myself or how to flirt/date. How do I do this?", Don't know how to date/flirt/flirt with someone who has never been single. Scared and confused because I have never been single before. Any advice?,sup4_t0.7,sup4_t0.7,winner
37,"This is my first post so please be kind :)

I know that lots of people often feel confused when they come out of a long-term relationship. They think they have forgotten how to be single, or how to flirt/date.

I am one of these people.

The problem is, my relationship started when I had just turned 16. I have never been single - as an adult. That might sound silly. But the only time I have ever flirted or dated was as an over-confident, hormone-riddled teenager.

Now I have a pretty demanding job, responsibilities blah blah... And I just don't know how to this!

I'm no way in a rush to get into a new relationship, but that doesn't mean I want to be completely alone in the mean time.

If anyone has experienced anything similar, or just generally has some advice, it would be greatly appreciated!",I [23F] have just come out of 8 year relationship. Feel like I don't know how to date/flirt. Scared will grow old with many cats. Any advice?," I never dated/flirted as an adult, now I'm not sure how to date. Scared will grow old with many cats. Any advice?", Don't know how to date/flirt/flirt with someone who has never been single. Scared and confused because I have never been single before. Any advice?,sup4_t0.7,sup4_t0.7,winner
38,"This is my first post so please be kind :)

I know that lots of people often feel confused when they come out of a long-term relationship. They think they have forgotten how to be single, or how to flirt/date.

I am one of these people.

The problem is, my relationship started when I had just turned 16. I have never been single - as an adult. That might sound silly. But the only time I have ever flirted or dated was as an over-confident, hormone-riddled teenager.

Now I have a pretty demanding job, responsibilities blah blah... And I just don't know how to this!

I'm no way in a rush to get into a new relationship, but that doesn't mean I want to be completely alone in the mean time.

If anyone has experienced anything similar, or just generally has some advice, it would be greatly appreciated!",I [23F] have just come out of 8 year relationship. Feel like I don't know how to date/flirt. Scared will grow old with many cats. Any advice?," Just came out of 8 year relationship, don't know how to please myself or how to flirt/date. How do I do this?"," Started a long-term relationship as a teenager, ended as an adult. Now feel like I don't know how to date.",sup4_t0.7,ref,winner
39,"This is my first post so please be kind :)

I know that lots of people often feel confused when they come out of a long-term relationship. They think they have forgotten how to be single, or how to flirt/date.

I am one of these people.

The problem is, my relationship started when I had just turned 16. I have never been single - as an adult. That might sound silly. But the only time I have ever flirted or dated was as an over-confident, hormone-riddled teenager.

Now I have a pretty demanding job, responsibilities blah blah... And I just don't know how to this!

I'm no way in a rush to get into a new relationship, but that doesn't mean I want to be completely alone in the mean time.

If anyone has experienced anything similar, or just generally has some advice, it would be greatly appreciated!",I [23F] have just come out of 8 year relationship. Feel like I don't know how to date/flirt. Scared will grow old with many cats. Any advice?," Started a long-term relationship as a teenager, ended as an adult. Now feel like I don't know how to date.", Don't know how to date/flirt/flirt with someone who has never been single. Scared and confused because I have never been single before. Any advice?,ref,sup4_t0.7,winner
